parcel_id,gradient,CDI,chi_torsion,l2_norm,variance,network
0,-5.602628677591014,-0.07907762176028486,0.39039745418159455,0.12210576855000099,0.523658965586454,Vis
1,-6.110611440936948,0.0008997795180120336,0.4074875803615106,0.06664276417268496,0.6794362516117565,Vis
2,-5.481849169519446,-0.02185804619393136,0.4138521426077294,0.12181306858843863,0.4773521917844845,Vis
3,-4.781576114873579,-0.05272729313734474,0.3928086854787605,0.16391312118884904,0.4620294090319127,Vis
4,-6.187322699778669,0.006651444882794394,0.41746540829478485,0.11446932531778069,0.4936742574787348,Vis
5,-6.187309565559344,0.03621740736108655,0.3846836821394662,0.1136424874055985,0.4466157488710668,Vis
6,-4.736629747594087,-0.07605143457940447,0.42084146772284986,0.03938414950453471,0.5542156412964175,Vis
7,-5.3860522166776725,0.017262090904342033,0.38564033926687336,0.04329322653011544,0.7044164555438941,Vis
8,-6.375579508747962,0.078191976733286,0.4110329240927027,-0.03067720889475911,0.574256537008541,Vis
9,-5.565951965131228,0.05960906561889525,0.4034347517439828,0.2845409926039042,0.5167132594843092,Vis
10,-6.37073415424997,0.10367183302135023,0.44378653966849524,-0.014803005253918256,0.5127674828053836,Vis
11,-6.372583802856205,-0.011813793100477738,0.4281263000553209,0.04029279850561952,0.3856295288272723,Vis
12,-5.806430182747173,0.03291008461410033,0.43142777727994114,0.03774259172829052,0.6302595874116539,Vis
13,-7.530624195726238,-0.0476258167153925,0.431906268053592,0.19907575597965438,0.5341648899956578,Vis
14,-7.379934266010427,0.05354340995369804,0.38177551694033784,0.08008835045600748,0.5239006183378755,Vis
15,-6.449830023392778,-0.05852944903887382,0.36854328471966574,0.23435752555258366,0.8612593664814241,Vis
16,-6.810264896267539,-0.012841240620264776,0.42663260465134367,0.0422342558608234,0.5718239005335066,Vis
17,-5.7486021339237805,0.07575984174217014,0.4050631300515391,0.13748273450759046,0.4667695046874196,Vis
18,-6.726419260416969,0.08206089622306846,0.3839925996885116,0.026048612959234524,0.4993128500763837,Vis
19,-7.129842961068233,-0.0845439003777829,0.4137898076270406,0.3240982310625491,0.6567931806166135,Vis
20,-4.827480984862756,0.01985644351743282,0.39537857922075925,-0.009176523617741031,0.5532756507507145,Vis
21,-6.180621040389228,-0.10273536035012458,0.4053393094700337,0.140565389307913,0.3981208118652013,Vis
22,-5.945977436249661,-0.06458388192169447,0.418592212973119,0.1729610063784201,0.6338715031544584,Vis
23,-7.139798548970766,0.018955013039142637,0.39618475378508194,0.15096322803036008,0.4751342011430386,Vis
24,-6.4355061796201465,-0.02505969538838402,0.38802627125579187,0.09105455239743943,0.7292783873186925,Vis
25,-5.911261928232107,-0.002493940331844927,0.4240171083192165,0.09660124831186764,0.6499534162684029,Vis
26,-6.920794861937843,-0.048658542991281584,0.42326850360686713,0.11396446548312121,0.49721642013106293,Vis
27,-5.699441585323463,-0.025870294997685707,0.38732089789872504,0.09488311812236139,0.6700502458704494,Vis
28,-6.480510951935044,-0.00471841385387574,0.38887451777968934,0.20597122996470124,0.5487341607496784,Vis
29,-6.233354999834622,-0.027046360778412108,0.38359631707854114,0.3306356184443454,0.62722597720916,Vis
30,-6.4813652897835174,0.09886935041845317,0.410291636726121,0.053834139784426895,0.5904218914263855,Vis
31,-4.51817745239285,-0.03432934954466816,0.3977772720437325,-0.027396979672697525,0.4573129441978507,Vis
32,-6.010797779790347,-0.004977596266351049,0.40131058485624654,0.10075511345008478,0.4775936264651918,Vis
33,-6.8461687431647205,0.03133700025005112,0.4277261524832855,0.36755425205064207,0.6449446914550542,Vis
34,-5.341964070317449,-0.025878131867929186,0.3887323945719059,0.02921586148823717,0.508471076486284,Vis
35,-6.976674919976817,-0.013125503887014372,0.36760709753878557,0.27349499882961703,0.5015837633727384,Vis
36,-5.832909123996195,-0.07511858741570067,0.43160963135886765,0.27735339969285433,0.44643635176200275,Vis
37,-7.56773609910382,0.08286829146941443,0.4135086570584289,0.0542244941144108,0.5843085162562841,Vis
38,-7.062548839118745,0.029453886658508018,0.4205742767682724,0.1664816262037378,0.7482011016212525,Vis
39,-5.842511011304701,0.154584889555056,0.4267423335027401,0.2724229805980641,0.43519531827151076,Vis
40,-5.409226736003672,-0.005749770595323259,0.3816891807103958,0.07167054418646154,0.5443705553642139,Vis
41,-5.862905375048023,-0.07968171445758479,0.4085872436203174,0.08922528227497407,0.683170665238481,Vis
42,-6.092518625910593,-0.03717972309471997,0.3779546202879486,0.05141522689034588,0.5339844705723665,Vis
43,-6.240882956471431,-0.03169263110866925,0.3859846078719846,0.008107645215923567,0.5871857893219115,Vis
44,-7.182817592293942,0.08498166025905021,0.4329676937642866,0.04465556377860955,0.43570925688225004,Vis
45,-6.575875366715767,0.00023331440347742376,0.4399597762382662,-0.012810708391015405,0.5847793194177029,Vis
46,-6.36851101676783,0.004502879147368006,0.39143581976520414,0.11299166511113286,0.5232341831964832,Vis
47,-5.154302219024867,0.076805407493642,0.40948903625480015,0.03258599517934607,0.6405216092649243,Vis
48,-5.725105368345231,-0.05122003334040432,0.39958190048870396,0.13296190946428504,0.6606872148534132,Vis
49,-7.410432124290187,-0.04315909728620396,0.3895442477076485,-0.04600624633515249,0.8009049738987994,Vis
50,-5.740732824484164,0.04695096204328672,0.4417050767884678,0.14267134150665597,0.5999119270182955,Vis
51,-6.308065824333053,-0.06929318115267791,0.4194255288575771,0.19293621444610273,0.5745282413551547,Vis
52,-6.541537600244767,-0.03189976514410407,0.4003369813605367,-0.0897902459719353,0.5613870398546716,Vis
53,-5.510658968927306,-0.028974818567938015,0.3843514302668399,0.14698897526996746,0.5066319804158692,Vis
54,-5.175200382003239,0.0030750313345387307,0.38226309741085845,0.23235021753253948,0.5757969940431071,Vis
55,-5.254975904707041,0.014170822792811599,0.39853111289350396,-0.011380783583910287,0.5124084686830351,Vis
56,-6.671374018578111,-0.011316615178124616,0.3929922495500371,0.2768405569689806,0.5587947073238995,Vis
57,-4.2473699006809715,-0.02817835321020602,0.40638617976115055,0.1514852192218148,0.673708363257734,SomMot
58,-3.734989254877149,0.025712292734772792,0.3675281950330447,0.039082132709369374,0.4412943531689739,SomMot
59,-3.2195638983021126,0.005639305621568097,0.3978830351060584,0.10400641051943965,0.6559364658098426,SomMot
60,-4.383339390276232,-0.08281170133695417,0.403259854514442,0.1654160095373825,0.6736601164309246,SomMot
61,-4.148527181331054,-0.03246977472972407,0.4018802940269886,0.1171838574264514,0.5301417569978302,SomMot
62,-4.885067979204822,-0.037510485832907746,0.36040676836889873,0.16345891752984718,0.32976311979607853,SomMot
63,-4.956965299264537,-0.08072552269612293,0.3980553213132703,0.01751595897727362,0.4811664109874948,SomMot
64,-3.3499793420846418,0.0136572322603208,0.36583773911352885,0.12651940068881806,0.6716480643530489,SomMot
65,-2.9150079771433415,0.032606010439929736,0.34712899860314994,-0.03178813140528777,0.5396618034670498,SomMot
66,-4.057608097264267,-0.002641473004263431,0.36550289774490263,0.09846071215034022,0.44201838646744696,SomMot
67,-3.1971736816863805,-0.031918843234381974,0.3836197740480917,0.019192554138731277,0.49147111757411627,SomMot
68,-3.7106911799618927,-0.042353939944614255,0.3791890617716235,0.0360303240262336,0.6260106123473933,SomMot
69,-4.5160958036841,0.05097159158581903,0.3819427769377095,0.233192635806254,0.596621966517076,SomMot
70,-3.710883515593269,0.04245133158798563,0.36428761178957403,0.21871433034463716,0.5180553997799686,SomMot
71,-2.769570746827225,0.027168361929384197,0.40799888693180736,0.17049713037592795,0.5052661685154692,SomMot
72,-4.0286608312879615,-0.12291935667346383,0.37354808836682185,0.000352041817952356,0.5027727947925559,SomMot
73,-2.748285075348795,0.02953201778966104,0.3749321667351133,0.07794247331573007,0.44970759124708776,SomMot
74,-6.095796083271796,0.019195068051427813,0.3943468501222365,0.2308930882831286,0.7034861786438822,SomMot
75,-3.342477996499821,0.0050006876103372505,0.380749051976374,0.12375500964920073,0.509716562775804,SomMot
76,-3.930362345409463,0.05905316470853652,0.39376883584793027,0.34151627228337966,0.6636644617794877,SomMot
77,-4.239205880372694,0.01754044552894379,0.38297391024736593,0.14891510222464743,0.6940802148891831,SomMot
78,-3.9265913787715983,-0.023716203800498995,0.3799983514479502,0.1287882299342134,0.6417796995117341,SomMot
79,-5.590055131680714,0.02036652093467564,0.3938622224616246,0.07867167186496012,0.4987865784251332,SomMot
80,-4.175737510270009,0.015149825743105609,0.43219933036776,0.12293740876343849,0.582321618730599,SomMot
81,-3.714309942790603,0.04422291956126377,0.38038935845171634,0.09433633464715586,0.5395290490578464,SomMot
82,-2.817684764206787,0.06073826506259602,0.3714003104381137,0.1803941859540693,0.4515784236239252,SomMot
83,-4.414616174618918,-0.1012480437237215,0.3724872435515395,0.20525354996466866,0.5743845378690984,SomMot
84,-4.64679488231455,-0.09288423154523587,0.387521448065019,0.030984372234415303,0.42404463058095776,SomMot
85,-4.401405634867629,0.001579262363750994,0.42606945316897393,-0.02353997707056754,0.6607165485430944,SomMot
86,-3.2676783058383405,0.01693241685766682,-0.016380984177519785,-0.9291975650576727,-0.13937608240974064,SomMot
87,-3.7369991122722523,0.0420513594147908,-0.056342097688883014,-0.6947778950560887,-0.0727983870926174,SomMot
88,-4.423808163013631,0.0123545383095263,0.0031216915249174734,-0.8559136883647304,-0.06458556552528712,SomMot
89,-3.589386053509315,-0.0733466694324455,0.010793563780316082,-0.9608660870425914,-0.11880485005030907,SomMot
90,-3.922337960521568,0.017503938897656213,-0.020472703860536845,-0.7067191672942466,-0.03424497253237386,SomMot
91,-3.2250840075736886,0.03222559234023985,0.03342581236121032,-0.49627707600406396,-0.1404047183421538,SomMot
92,-4.561642475101882,0.00966566416523259,-0.007366566029754195,-0.7461841189013324,-0.0057846229341769195,SomMot
93,-4.262129717278214,-0.022392523188271285,-0.02925101643296655,-0.6617279503021788,-0.2275123207045762,SomMot
94,-4.313686522505726,0.04209176688133593,-0.029389033960230848,-0.7373940918925865,-0.08027639472526016,SomMot
95,-5.170811958505695,0.004144215145364732,-0.022040426845301754,-0.7554659930664573,0.10097854722592714,SomMot
96,-3.763103778348339,0.02452979532209163,-0.005452847314561367,-0.6536693794485662,-0.1929474851404588,SomMot
97,-3.7911557822560886,0.05245750431403139,-0.02233361495514715,-0.7746044821662081,-0.1606888497323865,SomMot
98,-3.995909234686031,-0.012915407001995085,-0.0317610967490479,-0.7188377963401528,-0.041523567714009835,SomMot
99,-4.187669706700118,-0.021638353047427127,-0.0046890143007087826,-0.7134072471277416,-0.07495617448594154,SomMot
100,-5.132296593640332,0.03841574180615803,-0.030920702156123733,-0.8123860731116479,-0.057851342752545415,SomMot
101,-4.336516258212288,0.0440550304040709,0.014839542101138132,-0.6463727927936908,-0.04399563966513498,SomMot
102,-4.274171613221416,0.0212471394850948,0.02527869750873759,-0.7630730034168839,-0.029442205823724338,SomMot
103,-4.641821815377295,-0.03811795725026037,-0.037244644164487056,-0.8211515436966275,0.018055631515720982,SomMot
104,-4.1290285693328075,-0.08835908176576088,0.017700908158083745,-0.6919260433903027,-0.05193248698705008,SomMot
105,-3.6767593145483692,0.0333000008183946,-0.013215628654202356,-0.8354238259264468,-0.11704011814175558,SomMot
106,-2.4910512790315757,0.014592700170408094,-0.034309488288275805,-0.7427589120104302,-0.0256569825596282,SomMot
107,-3.860337749734529,0.12286737378302368,-0.009566613985095125,-0.7464889274117634,0.09707384080962023,SomMot
108,-3.7939596874217885,0.006050217151727624,0.0023813260764741183,-0.6369874711641852,-0.1061777273181587,SomMot
109,-4.059556732612934,0.024628127633541518,-0.007724472565182432,-0.6981072044593477,-0.1903672831469655,SomMot
110,-5.535016972239234,-0.03896167463915267,-0.0031513581597898965,-0.7480797236218574,0.017793714248795944,SomMot
111,-4.021211100359373,0.09467929676331396,0.014716086559922906,-0.6638003978273144,-0.10495246907526116,SomMot
112,-3.951815832047179,0.08023813782829968,-0.022398822516718177,-0.6065562728456116,-0.310181307281305,SomMot
113,-2.0294063100117707,-0.048881085594277215,-0.014196997296329016,-0.6897959971121568,-0.008172184964859164,SomMot
114,-1.153888771824898,0.0033598928021076548,-0.4863214094819518,-0.41378545224697594,0.4890656673182151,DorsAttn
115,-0.75876212613311,-0.08404564089508638,-0.4731170537976244,-0.5460043374663299,0.5335451576831913,DorsAttn
116,-1.0277694157641946,-0.0073254890576363585,-0.5153074191975887,-0.5213320805388513,0.5757965189705089,DorsAttn
117,-1.9349424300956257,-0.050039366568050934,-0.5501920259283744,-0.44534318466678074,0.561648453891514,DorsAttn
118,-0.08574174838798354,0.04174283659864723,-0.4945816414934559,-0.4757719344472423,0.6135436676275113,DorsAttn
119,-0.39845357385058067,-0.06391685848143039,-0.5255087421248481,-0.4335178445298586,0.49904984885662307,DorsAttn
120,-0.3671744423655624,-0.016207736290059997,-0.46587072912138594,-0.4091557217416033,0.5939090657312156,DorsAttn
121,-1.7275099638357911,-0.012411645176705146,-0.5447968349227681,-0.3618514387956409,0.5166438181552157,DorsAttn
122,0.12223544874887948,-0.011700770170760072,-0.49913535568398015,-0.4218705920372231,0.6164795340023577,DorsAttn
123,-2.1214808502338247,-0.13428034162399316,-0.520303898447084,-0.3661705498486938,0.6041352343149127,DorsAttn
124,-0.5305143249597837,-0.010966857984161665,-0.48718610411565955,-0.408373272750302,0.44905461570914784,DorsAttn
125,0.7523645006479829,0.09304047653102965,-0.46397769693940616,-0.6123673708667011,0.6511966975311106,DorsAttn
126,-1.7924290601045507,-0.012877160035264349,-0.5376033782455629,-0.5087542536131895,0.48900214140220255,DorsAttn
127,-1.4530381836822175,0.12923865180946517,-0.5104256748367682,-0.42922946980347554,0.6234042657417219,DorsAttn
128,-0.920278907929887,0.0012724432328538788,-0.5060288838809915,-0.5357901885154248,0.5793272172537415,DorsAttn
129,-1.4027805232929593,0.01047540126178346,-0.5139252383751335,-0.35482784123169353,0.7264168535931197,DorsAttn
130,-2.240530744852906,-0.028120297950642578,-0.531510160100387,-0.26174563099694426,0.5202518876764222,DorsAttn
131,-0.9451496201551781,-0.0010619330857597905,-0.5166979464521163,-0.2929445290615823,0.5076668063017876,DorsAttn
132,-1.849842970980884,-0.03507558763788686,-0.5139977185907432,-0.4361650013243348,0.5406565253248341,DorsAttn
133,-0.6211260554918547,-0.012169896658798071,-0.4720616795420827,-0.2657481005463188,0.5122805076301798,DorsAttn
134,-1.7355393873870426,-0.13198064816261626,-0.4929952266357282,-0.3999539685111029,0.6225926761078124,DorsAttn
135,0.23994752401403163,0.0628918174365654,-0.5338089353242039,-0.4485293113431179,0.3809674250699486,DorsAttn
136,-1.6266026338689898,-0.016565450247414744,-0.5210143047215527,-0.476160980585408,0.437230243998972,DorsAttn
137,-1.2576492129645405,-0.06980297308767727,-0.5249425350770959,-0.4450676828801268,0.4358181937556881,DorsAttn
138,-0.3491862261042642,-0.05494711407466863,-0.464001015792701,-0.4536383960854369,0.637629245110965,DorsAttn
139,-1.9846914531471642,0.04734927535216284,-0.4922300148568315,-0.3977790919937652,0.7136598231717999,DorsAttn
140,-0.8180320523166964,0.03666060227309429,-0.5269636831381362,-0.39876331612632754,0.5321535640598603,DorsAttn
141,0.04571420342594257,-0.02564039397004387,-0.4847643284775146,-0.41451611221597257,0.5257163135946064,DorsAttn
142,-2.285986587648982,-0.06054404170503238,-0.5068303736096578,-0.371126897256679,0.5496037022249255,DorsAttn
143,-0.8522929131741566,-0.011439612763752213,-0.5122690078192539,-0.29575608675267984,0.6587863161744264,DorsAttn
144,-0.7920937646012611,0.03612525634778247,-0.49520216185937954,-0.3198653006871816,0.44986317249455,DorsAttn
145,-0.37454170257815167,-0.017466883142492742,-0.47614841488495807,-0.5633105110763044,0.5664353841870859,DorsAttn
146,-1.9895605687024656,-0.05348785927945964,-0.5053978230202538,-0.6702128277215095,0.6401182488918503,DorsAttn
147,-2.0563652904674212,0.030219703281227663,-0.5246678096206395,-0.32138872310738664,0.5927079029075919,DorsAttn
148,-0.5824467475064818,0.016886001347667677,-0.5267235778194314,-0.5515085840728561,0.5615566475734817,DorsAttn
149,-0.7624122614134512,0.04677890512228873,-0.5074476473529914,-0.43729725442058237,0.6427030951703215,DorsAttn
150,-0.7996057197232987,-0.02555896805839875,-0.48319274175929594,-0.5318320168372499,0.2722752566136836,DorsAttn
151,-0.7228414324024195,-0.03463923544440924,-0.5314684505796206,-0.595018757989316,0.6103860178666981,DorsAttn
152,-1.5440197772627928,-0.07726170503452037,-0.5005253620310621,-0.3606744414108352,0.47719091760086496,DorsAttn
153,-0.8141970422711972,-0.06344443028010228,-0.46924311546326547,-0.3389051982010493,0.3595351962279617,DorsAttn
154,-0.765542021361055,-0.10351894746755609,-0.46985609898352887,-0.47247175430398597,0.5937187458661054,DorsAttn
155,-1.5714811344210942,0.01112035293474678,-0.5148923779112745,-0.673924943445805,0.6799643404299032,DorsAttn
156,0.49261960891580525,-0.026655874836379982,-0.4814825918010641,-0.46944515905656226,0.5288536344508382,DorsAttn
157,-0.62093366327057,-0.0013027689889043383,-0.4800733119390649,-0.3756403136910593,0.6378859406339012,DorsAttn
158,-1.953042797762119,0.006277053984600922,-0.5142948686920246,-0.5627118711087269,0.7038263117124719,DorsAttn
159,-0.4747571130929362,-0.017600185621934616,-0.5016145367240818,-0.3964847222533984,0.6740899312720121,DorsAttn
160,-1.7797453361818572,0.015957489521898655,-0.5495318666515518,-0.4163516991486136,0.7065949388507466,DorsAttn
161,-0.3703323170060383,-0.06682780394674029,-0.4844218194625495,-0.35689156427120516,0.6168112350207966,DorsAttn
162,-0.07312353679407668,0.009127705237947587,-0.49958405192812244,-0.40286267738989867,0.5501418498037667,DorsAttn
163,-1.6565458546813683,0.0014903272735688048,-0.506974655528817,-0.5121276083194696,0.3824019047238905,DorsAttn
164,-0.2292990966045425,-0.026405109331442203,-0.5132480099246417,-0.2951635640648649,0.5179922371006125,DorsAttn
165,-0.6697752584508013,0.010370741443274344,-0.5222627014019752,-0.430673671534011,0.4582738263819882,DorsAttn
166,-0.342351872004408,0.020994384191875888,-0.5330203107534814,-0.4175511681823072,0.7596927576633887,DorsAttn
167,0.5174343861231581,0.05204810902427912,-0.4797309321800778,-0.5081475101386336,0.5250099046703737,DorsAttn
168,-1.1963104928022963,0.013374710530398033,-0.489034247901226,-0.459148939350465,0.554918966592056,DorsAttn
169,-1.6029889314859918,0.0838428873468155,-0.49302932401367766,-0.503300985634004,0.5977470235176541,DorsAttn
170,-1.7116115437004187,-0.09147563050730269,-0.5401445654856771,-0.4321153202236563,0.5469587305508528,DorsAttn
171,-0.15264822797235067,-0.030657289217512297,-0.4962876836766309,-0.24364986621707965,0.7121035899566827,VentAttn
172,0.4383186324687166,0.026472488598411153,-0.5045982232014137,-0.5520108285244496,0.4803335497401622,VentAttn
173,0.7729215798533151,0.009931215169298794,-0.5013826834004145,-0.5761768540189881,0.5620592314373316,VentAttn
174,0.7213526394640153,-0.02998352786727513,-0.5149951845558526,-0.2677036814819531,0.46835142734380253,VentAttn
175,1.161746599228819,-0.045564904847972224,-0.508883259890643,-0.43575308194650064,0.4105962347915368,VentAttn
176,0.5104015135023257,-0.048203405679633646,-0.468190091350161,-0.48172798809730566,0.48142157682307885,VentAttn
177,1.6628272617258535,-0.0468681861494814,-0.4234988189077232,-0.31083024549170635,0.5388948062087662,VentAttn
178,0.28827453340963516,0.025253935164059226,-0.48809436874954937,-0.4753822682050004,0.49966826346188137,VentAttn
179,2.676135333271695,-0.042306017802226974,-0.45060717948218404,-0.23221974287662037,0.47335638792622176,VentAttn
180,1.000533878212005,-0.02818674277320708,-0.48124423273439354,-0.34702812709738706,0.401966739546424,VentAttn
181,-0.18572604513302604,0.12858753646082643,-0.49910718168100654,-0.46361185504588426,0.5342879286507379,VentAttn
182,-0.35671399844888985,0.05804526938499449,-0.5131956313761747,-0.19908989290476364,0.39212644851050715,VentAttn
183,0.8859779321945482,-0.0011554192658313968,-0.4495722480771364,-0.4753922065316478,0.6186040822825676,VentAttn
184,0.32122977173931927,-0.030759983872837505,-0.455167036202999,-0.3406111770303833,0.5508424612070577,VentAttn
185,1.0712003952736735,0.03598345057028095,-0.4941294653996886,-0.3848914561906648,0.3968433359671143,VentAttn
186,0.8785900996588358,0.032214318480493755,-0.4656212572686586,-0.28464658529143416,0.511677578208621,VentAttn
187,0.4417368698745018,0.03168006980016202,-0.5214489362713661,-0.2586695945586287,0.46738284535454905,VentAttn
188,-0.177434974454724,-0.035773466498151815,-0.5020419906167028,-0.4116202993247373,0.5745159369555254,VentAttn
189,-0.7118777797486917,-0.0031436129539363705,-0.4907609986193181,-0.49016250126593236,0.6766435305159219,VentAttn
190,0.1427880383463831,0.00947163819707561,-0.5201538497852068,-0.3688234999374024,0.3550812389490329,VentAttn
191,1.185119035458778,0.01960688326709506,-0.46937183678369715,-0.4825922512065246,0.554101093828349,VentAttn
192,0.6712749953041632,0.028581384899035462,-0.4658163126126424,-0.21348198947865168,0.5265852063569434,VentAttn
193,-0.49659102296959046,0.04227631481162456,-0.4915405278382184,-0.4011671811230403,0.6097324935586539,VentAttn
194,0.6385447406809456,-0.002916749721625355,-0.5210236689764608,-0.4513528693625249,0.5639181487373763,VentAttn
195,0.8082539037830694,0.022074140522159537,-0.4817191320746075,-0.3963526836448232,0.46740155273972545,VentAttn
196,-0.20708594896090649,0.014162038233203767,-0.5229640654213231,-0.5495333431842837,0.5106930923469456,VentAttn
197,0.6229800847564223,-0.053461446505910795,-0.46691854417291767,-0.5119821180823791,0.4629959002332585,VentAttn
198,0.5465669747567999,-0.0013871397887215376,-0.4752212919504675,-0.29477932343687147,0.6501991997734672,VentAttn
199,-0.41437623826449854,0.0019969464023805797,-0.4991932695421668,-0.48051014212845355,0.5447296507808016,VentAttn
200,0.7862298882786267,0.047507200062478355,-0.4964444492645563,-0.519511812499508,0.7327175544889082,VentAttn
201,0.9486276210945875,0.0054006693561539035,-0.49352071187633617,-0.3611554389785854,0.5365324045321453,VentAttn
202,1.3664409945402216,-0.021126011043743856,-0.48570325728854147,-0.2962502987650143,0.4717578092225611,VentAttn
203,1.3430416416279223,0.011705255381702513,-0.4893611096967173,-0.3429253831648073,0.39122704665232466,VentAttn
204,-0.6021354943656729,0.06336696001859796,-0.519817542087998,-0.31521594565073235,0.3622845182880129,VentAttn
205,-0.2502600319320982,-0.008760916716248603,-0.5067151058943046,-0.4905002230882601,0.38418489161305835,VentAttn
206,0.9120282137669278,0.07294315946108845,-0.48076067096387465,-0.5570017809054983,0.5693111510147557,VentAttn
207,0.9110287607297671,0.052186482242193445,-0.5144143493453017,-0.2646873490357653,0.5934709882366007,VentAttn
208,0.9120381490448384,0.01394677863601981,-0.4668990375021216,-0.4470886981155276,0.384479415710394,VentAttn
209,3.5821851925237773,0.004735113137761876,-0.43299145819620943,-0.4399040158768187,0.6321023173212189,VentAttn
210,0.9567124085545335,-0.025269711308935853,-0.4559962393540156,-0.2820013000464082,0.49429238074526344,VentAttn
211,1.4084525121444793,0.11554412578793291,-0.4862984270763799,-0.359197713291248,0.5572777871121624,VentAttn
212,1.263201410794562,-0.02167735608341752,-0.45162715855198915,-0.36923193702315327,0.7038205487391498,VentAttn
213,1.0211130010446383,0.07957396120689733,-0.4939074059012566,-0.1983204797412056,0.6322824175001606,VentAttn
214,0.24778460428772348,-0.020421704828273102,-0.4978876242167621,-0.4791725372693283,0.5157454211230241,VentAttn
215,1.107175376394614,-0.06662631272033903,-0.5008437153987824,-0.3220367014231903,0.4534792633720786,VentAttn
216,-0.11826017163005753,-0.049623055474130255,-0.5117740643383231,-0.40911940174160555,0.32741694578067687,VentAttn
217,0.3105451146079929,-0.0011459819867225235,-0.48685332137438536,-0.3879614863449883,0.47068315398936533,VentAttn
218,0.11170916173671719,0.07811130262085611,-0.5137677712581339,-0.2619738715900608,0.5214854620308379,VentAttn
219,0.5654993115090581,0.04980692677453262,-0.49291560219975444,-0.36403713860235165,0.44388053319848897,VentAttn
220,2.351726853338807,-0.0018645519044849397,-0.45480927990044123,-0.3609911063263507,0.5294727892043769,VentAttn
221,-0.9938121540733986,-0.055560856309973525,-0.49873511436955426,-0.3075699805003338,0.5502836742094842,VentAttn
222,1.0490081522996109,0.008918242727381426,-0.47328368818440175,-0.4513159871856025,0.5201128877327995,VentAttn
223,-0.7901726969517213,0.015035709305443833,-0.4549595604370137,-0.49874168096521465,0.4775982278312614,VentAttn
224,0.1224545073684532,-0.03130061399280198,-0.5042983301480225,-0.5193016336334173,0.5594639531102802,VentAttn
225,1.371160477573893,-0.03055817889245911,-0.4905756418598183,-0.6114563731689142,0.5867925508705483,VentAttn
226,0.5514240152763702,-0.03127868998747018,-0.4650156943067617,-0.20920000123728177,0.43355857816932275,VentAttn
227,-0.36219582234344494,0.07160676076105911,-0.5106094207619717,-0.5251415508034823,0.6836917238882344,VentAttn
228,1.4277570325920252,-0.041192425896522285,-0.09051664752473525,-0.4854961657335867,-0.8568288637741859,Limbic
229,2.543678199147741,-0.02717789645531057,-0.08463523342249632,-0.4910521333639016,-0.8450850882512749,Limbic
230,1.4157066946262906,0.010571418460260176,-0.13028846888588272,-0.43263013359409946,-0.776148608220104,Limbic
231,2.17316687166558,0.07780589184863149,-0.06225653840282446,-0.3817970821210798,-0.8236484374194095,Limbic
232,2.036457471923051,-0.03020977092373781,-0.10625290296691713,-0.377323454539035,-0.7516563871544352,Limbic
233,1.4787197219153463,0.014718983214816806,-0.09313475102189196,-0.5216785472319033,-0.8182576340255773,Limbic
234,3.7151552714602607,0.033368765841660326,-0.054306706213058054,-0.4800829747536507,-0.9082137880098035,Limbic
235,2.507135217854409,-0.008414364414875728,-0.11334662966397238,-0.43511280832617955,-0.8108196980251495,Limbic
236,0.3798859306739142,-0.06854802970870198,-0.11705298209497583,-0.48823991599336425,-0.9613426712778259,Limbic
237,2.149163451815542,-0.0012258868547777584,-0.062339959410495284,-0.30263624577301024,-0.8361140799681074,Limbic
238,1.4705708281852896,-0.025454908984040854,-0.09536748707888104,-0.41427330821118435,-0.8502930496102058,Limbic
239,2.6819466678369794,-0.0003869098218616808,-0.07319752053212783,-0.3898830247700278,-0.8677817362730137,Limbic
240,1.3659834092538394,0.12677153656900414,-0.11070908942880758,-0.39708267650826823,-0.8598238016896528,Limbic
241,1.908210846826481,-0.024043216773354976,-0.07792032915477781,-0.34602341762647704,-1.0351549550955237,Limbic
242,2.4039898231843657,0.034526840961173345,-0.06069158030670048,-0.44526864750463885,-0.9018425413198559,Limbic
243,2.692604155336097,0.029630719724843223,-0.10412590887191808,-0.5930539981705942,-0.8376855604316482,Limbic
244,1.0397628743553788,0.029955346502561507,-0.07869264300998836,-0.4234020081997454,-0.8309844113460196,Limbic
245,1.7323990113272414,0.04145161930570338,-0.0890757414574804,-0.5285064927541925,-0.9497375646383555,Limbic
246,1.620043751071235,0.05376044902067331,-0.07610223215500306,-0.5162324715499852,-0.7203992664592896,Limbic
247,1.4773366139410304,0.0695336534352198,-0.08685297491320677,-0.4047344014995002,-0.9335875353672098,Limbic
248,3.4123633922248775,-0.00791649619248845,-0.09229586455953058,-0.33954249623164595,-0.750024330493086,Limbic
249,2.3239853687687644,0.06075714821040664,-0.11415450646214706,-0.46124364570140336,-0.8042506143585912,Limbic
250,0.9912928365319638,0.018855927144770145,-0.10884864091811543,-0.43248750211511316,-0.91159278153014,Limbic
251,2.734289557643821,0.0018718468230363547,-0.0712719979820582,-0.2931493089114857,-0.6694389612848085,Limbic
252,3.6977249576101068,0.009996382166807349,-0.0936234751431445,-0.4392954854261527,-0.9663337337214077,Limbic
253,2.8259722084409176,-0.06755755207235971,-0.08169815385428454,-0.20320249195697004,-0.7550546331847595,Limbic
254,0.7845040272367891,0.032695006271242916,-0.05820803744565247,-0.40681983881185513,-0.7469118187414618,Limbic
255,1.6126127417069989,-0.014962249833151371,-0.09512279122601905,-0.6394470792905913,-0.9140320714534241,Limbic
256,3.013528919349298,0.012905767446590426,-0.06462858194863359,-0.3880366412645563,-0.7077235205393269,Limbic
257,1.4338644275049752,-0.0043393806078340265,-0.09435001882654849,-0.42525496488673176,-0.871974702005655,Limbic
258,2.3550555425169826,0.030826745411076675,-0.09400979730784312,-0.334395527966735,-0.818100687617774,Limbic
259,2.6197072427434693,-0.02188788652794398,-0.09323144806418733,-0.39605266824801366,-0.8209378666686377,Limbic
260,1.2584556227375336,0.05410574125206161,-0.12087747323535447,-0.4772164017733869,-0.8604009246928145,Limbic
261,1.95237971515056,0.007077551865659861,-0.11270103121397258,-0.5858006270039461,-0.7658892232297815,Limbic
262,-0.5930138720552582,0.06016337302145635,-0.13520943305864347,-0.48427312910361203,-0.7676211784905383,Limbic
263,1.180489886932568,-0.02752249076108552,-0.0929881525922295,-0.5484228487959395,-1.0218232478695777,Limbic
264,1.7979454788854716,0.07870417591035778,-0.10038050885417635,-0.5214231483554818,-0.7165360262579444,Limbic
265,1.0017734544281205,-0.027337640409363605,-0.06333382452616064,-0.4045129629329486,-1.013219249349327,Limbic
266,3.3059290431453086,-0.07196204096993862,-0.13945911302295128,-0.29638035293986886,-0.7437154301115939,Limbic
267,0.8558868976314937,0.02242202525330863,-0.11134463243604811,-0.4239036503927114,-0.7342995368630013,Limbic
268,1.647964410642413,-0.050634728580049346,-0.08525468403310167,-0.5829591095785279,-0.9560666935672795,Limbic
269,2.104592461828873,0.012620181823869796,-0.10961857639517322,-0.4189105365529954,-0.8880514793412182,Limbic
270,3.1530186312528925,-0.06357764880055897,-0.07839711589979505,-0.3437076547104444,-0.9575405173943533,Limbic
271,0.8513102790564484,0.03293132923677223,-0.10329793787666004,-0.5243490938069477,-0.8684621535746332,Limbic
272,2.930531001723968,0.0927678452687362,-0.11777652064843344,-0.4767725200423013,-0.8777734789643338,Limbic
273,2.0081864488156698,-0.07584679516231525,-0.11240419650772052,-0.4619019839020898,-0.7690039973188257,Limbic
274,1.2147930791616393,-0.001855456278648919,-0.09558410716823236,-0.5418606346832335,-0.7159391759337989,Limbic
275,2.3696827794106166,-0.01162977937686759,-0.09066612198006622,-0.3985427599906236,-0.7074016694667641,Limbic
276,2.159247756458776,-0.062146438003145794,-0.06933186736239494,-0.4754656182357877,-0.9031868532035899,Limbic
277,1.5198264982729643,-0.0036815541211594393,-0.07738031300695324,-0.4214175589843068,-0.8678922379202124,Limbic
278,2.055841667992015,0.01756606819904835,-0.08931775643807764,-0.5521200211552195,-1.0153138697678548,Limbic
279,1.6917491225105918,0.028915586373244474,-0.09036362263652936,-0.5071166334073506,-0.9275570571953786,Limbic
280,2.0908138762009982,0.032566186548171366,-0.07178668690142936,-0.39113266759223236,-0.7504848872360139,Limbic
281,2.529704539616837,0.010259215281774339,-0.08314699178566592,-0.5006541185841862,-0.6854117681909365,Limbic
282,3.268813452916282,-0.004048393517639279,-0.06676882492161904,-0.290674418251669,-0.9704049377337519,Limbic
283,1.0097476009385207,-0.0333972227044304,-0.06491921311290998,-0.5033344219364697,-0.9062164764610491,Limbic
284,3.7064266997250135,-0.0015664071403059233,-0.12314703545919115,-0.44090233079982094,-0.8496106262416524,Limbic
285,2.4383297603819987,0.006859910722023118,-0.8809067659246399,0.5063066828602983,-0.22384146872891791,Cont
286,3.8785719239715335,0.04249759035767789,-0.8499162457060965,0.27121102637968614,-0.3328179366030432,Cont
287,4.470653765187661,-0.021839350567999568,-0.8621481464142822,0.23696671847491171,-0.20945148016446963,Cont
288,4.2247934941880265,-0.02214732535556922,-0.8780281789859513,0.2604819682159798,-0.2992415193179702,Cont
289,3.501840384143525,-0.07873253311837751,-0.829613103062655,0.5393060100157075,-0.2533028116987065,Cont
290,3.8335021997141796,0.03975508528639544,-0.8293066142655466,0.35786178508374467,-0.19722915981050865,Cont
291,3.605599252272934,-0.04788542659208754,-0.8435839440851198,0.6688675282398145,-0.2512153576297848,Cont
292,3.5285081944446306,0.00028267964931697495,-0.8674253907852305,0.35662283980725046,-0.2954961736635355,Cont
293,4.67968167761682,0.07564129244163227,-0.8023948283676978,0.431502729992693,-0.2628185650034617,Cont
294,4.285612388772038,-0.01057976527404164,-0.8277282095042706,0.5672585949297769,-0.2606938805314121,Cont
295,3.4456723237914764,0.010881330269252115,-0.8868425210190113,0.6136568884889017,-0.2888586875990914,Cont
296,4.7196799003466,-0.011887193976854102,-0.8327368841390383,0.6191979573366291,-0.27773719087758886,Cont
297,4.2458396167012875,-0.049612853194673595,-0.8347280449897791,0.5338842227323035,-0.0919928675604069,Cont
298,4.650289695071168,0.09035548486572975,-0.807746058320369,0.5154538522541355,-0.1957656398167547,Cont
299,4.503703073538889,-0.028088882336753607,-0.812207581790752,0.47230029459310763,-0.28140561641379463,Cont
300,3.336803991262342,0.07042915115158105,-0.8298147554792685,0.4908837072896531,-0.18216214415980503,Cont
301,3.551855167842424,0.0034444989234018565,-0.8567036787899919,0.357929028040136,-0.2852395335864796,Cont
302,4.597834884098609,0.03538193366588844,-0.813801201028037,0.33122771133075857,-0.13454512085221446,Cont
303,4.488296212346772,0.045078273376912434,0.14320402919331413,0.7579995144430406,-1.689611226004547,Cont
304,3.9832787248286814,0.05279369900455793,0.12148536301119672,0.741318497931643,-1.7373056596247793,Cont
305,4.093861906647025,0.06618632470231124,0.13577211686042928,0.7130141552514082,-1.6818037526433287,Cont
306,5.02213191663074,0.10408435060716324,0.11493095490445063,0.8279757049298073,-1.8836630604312063,Cont
307,3.526742888931336,0.08711194897692753,0.13767556757338267,0.8538674810411868,-1.839252192115337,Cont
308,4.43767790493603,-0.03225254330723401,0.1209922138195635,0.7671776488133205,-1.845967945864262,Cont
309,3.8382458780528848,-0.015702034241984932,0.14115857577640828,0.9060899682896619,-1.7122811357479857,Cont
310,3.825855037418224,0.026457043025237208,0.12124270880766227,0.6441680487707853,-1.5533239452758472,Cont
311,4.879021481589752,-0.0008971450044032058,0.17203887685169517,0.738971014256164,-1.5034454306050933,Cont
312,4.660333079190424,0.08669663925748344,0.1386515383091031,0.6866547281238553,-1.6627703350802807,Cont
313,4.650807708800511,0.0022196065803971447,0.13235755740869196,0.5716832984768297,-1.6764909977299107,Cont
314,5.044383045723463,0.030997317927689894,0.10818442153817402,0.7500688915998659,-1.9066812186396302,Cont
315,4.016803073306208,-0.012552594414366758,0.09870623416754895,0.7461622093458075,-1.7808428251977586,Cont
316,4.545562377035971,0.020280057563691976,0.1432529350213437,0.9096819345083489,-1.8053538204151804,Cont
317,3.7517865947252353,-0.02384442836094194,0.1644442310455027,0.8214181286396135,-1.788660205049468,Cont
318,4.2593330819907536,-0.06097082649372313,0.10197906363420578,0.6559182777512153,-1.7433898270828354,Cont
319,3.8958855565058523,0.011538213038987838,0.15342439642372813,0.9437462168175546,-1.773784502994069,Cont
320,4.077596771994174,0.08451292389325124,0.12269685252286505,0.8804403297366711,-1.9245054262619352,Cont
321,4.4761256203495305,0.054252592614553424,0.1297711389929134,0.8165467305309974,-1.651784419612603,Cont
322,3.345423453413222,-0.00831852141018763,0.1519971325932514,0.7356885502991526,-1.833849747798337,Cont
323,5.673909820548368,0.0329407408244826,0.09500642506550824,0.6623930365117878,-1.7026507588132416,Cont
324,3.1951860948002384,0.07413910273188419,0.16242836158863883,0.7211162825770304,-1.5191671782493592,Cont
325,3.0286491097698143,-0.030819050036649167,-0.846900456567949,0.5219224616434079,-0.34379604376952094,Cont
326,4.926488698800054,0.02517472420203777,-0.8095153401771479,0.6015062302664502,-0.5048863368855117,Cont
327,4.6333301551703485,-0.02704422543666431,-0.8343536161032974,0.5673719525002082,-0.28045800679888966,Cont
328,4.4992958536417245,-0.0008076692099444646,-0.8002977499167477,0.3641626574943619,-0.14176162111102147,Cont
329,4.502676407411424,0.027650067238344116,-0.8310932101367621,0.3010858563440882,-0.0560228391888192,Cont
330,3.9902025817224684,0.03905117955639447,-0.8914766649650908,0.4271362243641097,-0.3748125440561203,Cont
331,3.2821965028113347,0.05789925777566608,-0.8842551685088094,0.23620366311670415,-0.20218766228722643,Cont
332,4.060643646554981,-0.01765527859636791,-0.8554112969679183,0.4453643710914675,-0.29838863028888396,Cont
333,3.4582706307903104,-0.06427179011689862,-0.8225251762134639,0.39828734104312247,-0.26245242004129216,Cont
334,4.780095786734201,-0.022912935106349924,-0.8108909680422399,0.3664439494861651,0.012576750090824873,Cont
335,3.882354094798289,-0.0018805878765921376,-0.8272430594864857,0.25357729294630976,-0.40215461745039394,Cont
336,3.3396022425659906,0.004302494708913582,-0.8739081666808068,0.464407610329961,-0.22648361846142123,Cont
337,3.742891326677605,0.05027774370757192,-0.8496048537391343,0.35977751570679817,-0.20508826743433528,Cont
338,4.3303451634205,-0.07736031846982493,-0.8358833474460388,0.2960559161019605,-0.14327895211694386,Cont
339,3.5490203577568202,0.07550094885330033,-0.8268203875584329,0.12582137834482437,-0.24205926926378904,Cont
340,3.342223683546855,-0.016971187047265492,-0.8551781040743934,0.4102961091679257,-0.22105253066046837,Cont
341,4.19494976919353,-0.015613984147331306,-0.7886460162201623,0.5902727593399637,-0.2910224413530577,Cont
342,6.195973256886978,0.019570622203144122,-0.08714707206717318,2.4766435209300424,1.140446490512067,Default
343,5.594445459703096,0.051983625590614764,-0.09251616016393963,2.2648079738166285,1.0792145688378152,Default
344,5.6231693555053415,-0.012482444452569885,-0.10114521007394664,2.2502963934390774,1.1756909853731614,Default
345,6.185639949886109,-0.0031062889076117193,-0.09651887390548704,2.357395025082758,1.076572762783193,Default
346,4.8415325268021405,0.03684542686017574,-0.09818564858541903,2.2106790555564264,1.1512438357777748,Default
347,4.874028980498756,0.037096191063026134,-0.10075548401921715,2.340696789457202,1.1106075150190584,Default
348,5.4252446229980515,0.004399975677692311,-0.13769027208946494,2.3871256273137247,1.226138821464773,Default
349,5.829242278630522,0.04628755280713259,-0.08975948299376839,2.433210921863686,1.1083944240287076,Default
350,6.248726052478403,0.05037474066664794,-0.15353760347328987,2.30050219182726,0.9362305495668681,Default
351,7.180284973559642,0.10489977938727811,-0.09601310606869014,2.290150224457559,1.2397259464589554,Default
352,6.686127698561616,0.055886573077973456,-0.1152878651594759,2.2227193407995993,1.0229605663012944,Default
353,5.872049176029258,0.03111017721041939,-0.1176476844132995,2.2278295640712695,1.0481571625226742,Default
354,5.984787033677849,-0.030716142051032368,-0.05800936364551348,2.287869710285103,1.053967666983207,Default
355,5.197976508289753,-0.009067565030265687,-0.0939609666295971,2.3472541501568736,1.250977605704638,Default
356,5.985189491206088,0.043975695459848585,-0.08637531991080319,2.4018760620985806,0.8999663749896867,Default
357,5.769073088863889,0.00799167453898821,-0.08954447841806658,2.2301997044072213,1.4273086497535556,Default
358,6.258174848270472,0.12064508349896184,-0.09674061810325109,2.4597864563712077,1.2191394772941615,Default
359,5.338215245158142,0.01052253238025517,-0.07693656280759106,2.2834052393709987,1.1358576878004722,Default
360,6.415477211392938,0.05575175064345109,-0.07144386272660705,2.308380870040412,1.1080443963259277,Default
361,7.2261911304020625,0.032417890788170686,-0.1159635770296335,2.2357964315604733,1.142089203873322,Default
362,5.912991881234514,0.08214335783182627,-0.1194011867708166,2.0680935734479613,1.1656460392254901,Default
363,6.3213693776791535,0.015606539402089689,-0.11051154758050975,2.3989221391113604,1.1780553549825619,Default
364,6.55211519336889,-0.002730464616223442,-0.08825848990414228,2.3842019891844988,1.169094242987901,Default
365,5.679023622491331,0.01646927408874575,0.2728555224105822,-1.1242139037142784,-0.8843318909036568,Default
366,6.179273985448334,0.08109009915831304,0.2699901732035319,-1.0893820762799697,-0.9130238010599143,Default
367,6.010073920625436,-0.011804352147233767,0.2813842332919845,-1.044487226232047,-0.9084172873945329,Default
368,6.078140878839065,0.05987742891386053,0.23707442719260843,-1.2523357336911114,-0.9127807870644499,Default
369,5.381592172915627,0.03026956034484337,0.2805201253450443,-1.1489864157370866,-0.7799129493424752,Default
370,6.019608139407154,-0.014474636041416243,0.2895499654197251,-1.0166546800402743,-0.8339342868010955,Default
371,6.39839863299636,-0.007096875946245105,0.261898953819639,-1.221510090319382,-1.1873288224956098,Default
372,7.160914886236034,-0.008242928446998574,0.2543676908012949,-1.066725354785794,-0.8276998813762056,Default
373,6.767416660868165,-0.05440554765692036,0.22800632922823985,-1.2317393284647975,-0.8738163395573042,Default
374,7.722545966009245,0.08013942143472368,0.23319010475695573,-1.0494381497591043,-0.8951608346737715,Default
375,5.38612194968956,-0.04917003234717038,0.22339719720818896,-1.0996452962322054,-0.9321418043380704,Default
376,6.6978565093765425,-0.03154031486695943,0.23083189746105895,-1.257594329593008,-0.7808786870305804,Default
377,6.146673604590681,0.08250509023193613,0.2813437623261039,-0.9796072125567399,-0.798537312816896,Default
378,7.751842346574138,-0.03399316612757126,0.29497321517310243,-1.169540305682262,-0.9705777258115427,Default
379,5.353361371715879,0.049487654995066875,0.26019742523257117,-1.177106391703895,-0.8525847303167282,Default
380,5.328222526255379,-0.12457106200614017,0.3126886686098338,-1.0760242282793628,-0.9904556324833104,Default
381,5.520485883644782,-0.06907819955949145,0.23261758693550383,-0.9812174130595855,-1.0312517755080748,Default
382,4.300883420552155,0.051792459727335226,-0.04347292254694849,-0.973217966159273,1.5508547776329769,Default
383,5.579395982655392,0.06989106706904173,-0.0779801998572134,-0.8654677992766361,1.6997658473302493,Default
384,5.392693870757041,0.030413173561975187,-0.07262956345040195,-0.828754134228376,1.708839004629582,Default
385,6.120315029180966,0.038629562205733305,-0.08236124310177327,-0.8023252235351189,1.6648350421017026,Default
386,6.2734047806217275,0.005894802976037916,-0.08887656447512082,-0.8539916287337108,1.6860360787767732,Default
387,7.500936671372709,-0.03700053148271153,-0.09034862233689686,-0.9083385681697655,1.6651443288034693,Default
388,6.76033907054884,-0.08395795588534626,-0.08844526261964347,-0.9543948063263052,1.5493783405696782,Default
389,5.538477075470078,-0.048752560899191624,-0.11142649074495384,-0.8630213959567958,1.6567187545593676,Default
390,5.281268262921314,0.009668988521571992,-0.06212012215181424,-0.978849685459994,1.6935674526147417,Default
391,6.393535337205204,0.046601845428601456,-0.11875192949286342,-1.163770832610894,1.6889556330733309,Default
392,4.943813434383486,-0.04881068593628733,-0.07193910482592024,-0.8279798038456665,1.7324178372394377,Default
393,7.465167012683483,-0.0484270490780546,-0.08931198473237296,-0.7812423001528137,1.6843568848120798,Default
394,6.943552096577029,0.02819442263139339,-0.10541408003911648,-1.107929027815617,1.6486713208461317,Default
395,5.624659478316236,0.005946678970395374,-0.11583234295544936,-0.9726088547324271,1.7205415239236161,Default
396,4.629492376727298,-0.0294009773209799,-0.08509879425880292,-0.8097203581609135,1.6108743741670675,Default
397,7.08309789933233,-0.07895639681994593,-0.07690920865435574,-0.6658862372902634,1.5253390349692015,Default
398,5.9083681237979055,-0.0003009932215718949,-0.07743419050899043,-0.8695564134938925,1.597219803697597,Default
399,6.99025304957877,0.011675361865217669,-0.06642629046911153,2.237717305352342,1.0390435319069113,Default
